date,v2ProductCategory,count
2016-11-01,Apparel,1280
2016-11-01,Backpacks,25
2016-11-01,Bags,387
2016-11-01,Bottles,8
2016-11-01,Drinkware,283
2016-11-01,Electronics,82
2016-11-01,Gift Cards,20
2016-11-01,Headgear,12
2016-11-01,Accessories/,2902
2016-11-01,Accessories/Fun/,2790
2016-11-01,Accessories/Housewares/,933
2016-11-01,Accessories/Pet/,284
2016-11-01,Accessories/Sports & Fitness/,230
2016-11-01,Accessories/Stickers/,780
2016-11-01,Apparel/,5396
2016-11-01,Apparel/Headgear/,1851
2016-11-01,Apparel/Kid's/,300
2016-11-01,Apparel/Kid's/Kid's-Infant/,565
2016-11-01,Apparel/Kid's/Kid's-Toddler/,521
2016-11-01,Apparel/Kid's/Kids-Youth/,745
2016-11-01,Apparel/Men's/,2113
2016-11-01,Apparel/Men's/Men's-Outerwear/,3452
2016-11-01,Apparel/Men's/Men's-Performance Wear/,1157
2016-11-01,Apparel/Men's/Men's-T-Shirts/,6700
2016-11-01,Apparel/Women's/,1171
2016-11-01,Apparel/Women's/Women's-Outerwear/,1045
2016-11-01,Apparel/Women's/Women's-Performance Wear/,532
2016-11-01,Apparel/Women's/Women's-T-Shirts/,3116
2016-11-01,Bags/,2932
2016-11-01,Bags/Backpacks/,1861
2016-11-01,Bags/More Bags/,826
2016-11-01,Bags/Shopping and Totes/,521
2016-11-01,Drinkware/,3592
2016-11-01,Drinkware/Mugs and Cups/,722
2016-11-01,Drinkware/Water Bottles and Tumblers/,2014
2016-11-01,Electronics/,3468
2016-11-01,Electronics/Audio/,1539
2016-11-01,Electronics/Electronics Accessories/,1193
2016-11-01,Electronics/Flashlights/,223
2016-11-01,Electronics/Power/,539
2016-11-01,Gift Cards/,118
2016-11-01,Office/,3439
2016-11-01,Office/Notebooks & Journals/,1761
2016-11-01,Office/Office Other/,246
2016-11-01,Office/Writing Instruments/,1602
2016-11-01,Shop by Brand/,475
2016-11-01,Shop by Brand/Android/,1552
2016-11-01,Shop by Brand/Google/,3063
2016-11-01,Shop by Brand/YouTube/,3635
2016-11-01,Lifestyle,176
2016-11-01,Lifestyle/,60
2016-11-01,More Bags,12
2016-11-01,Office,279
2016-11-01,Waze,2
2016-11-02,Accessories,25
2016-11-02,Apparel,964
2016-11-02,Backpacks,31
2016-11-02,Bags,219
2016-11-02,Bottles,20
2016-11-02,Drinkware,351
2016-11-02,Electronics,159
2016-11-02,Headgear,8
2016-11-02,Accessories/,4135
2016-11-02,Accessories/Fun/,3584
2016-11-02,Accessories/Housewares/,916
2016-11-02,Accessories/Pet/,337
2016-11-02,Accessories/Sports & Fitness/,405
2016-11-02,Accessories/Stickers/,887
2016-11-02,Apparel/,5445
2016-11-02,Apparel/Headgear/,1842
2016-11-02,Apparel/Kid's/,396
2016-11-02,Apparel/Kid's/Kid's-Infant/,1044
2016-11-02,Apparel/Kid's/Kid's-Toddler/,719
2016-11-02,Apparel/Kid's/Kids-Youth/,764
2016-11-02,Apparel/Men's/,2080
2016-11-02,Apparel/Men's/Men's-Outerwear/,4074
2016-11-02,Apparel/Men's/Men's-Performance Wear/,1311
2016-11-02,Apparel/Men's/Men's-T-Shirts/,7084
2016-11-02,Apparel/Women's/,955
2016-11-02,Apparel/Women's/Women's-Outerwear/,1695
2016-11-02,Apparel/Women's/Women's-Performance Wear/,773
2016-11-02,Apparel/Women's/Women's-T-Shirts/,2367
2016-11-02,Bags/,3543
2016-11-02,Bags/Backpacks/,2146
2016-11-02,Bags/More Bags/,1394
2016-11-02,Bags/Shopping and Totes/,783
2016-11-02,Drinkware/,3809
2016-11-02,Drinkware/Mugs and Cups/,744
2016-11-02,Drinkware/Water Bottles and Tumblers/,2959
2016-11-02,Electronics/,3648
2016-11-02,Electronics/Audio/,2255
2016-11-02,Electronics/Electronics Accessories/,1417
2016-11-02,Electronics/Flashlights/,403
2016-11-02,Electronics/Power/,1104
2016-11-02,Gift Cards/,110
2016-11-02,Office/,4752
2016-11-02,Office/Notebooks & Journals/,3697
2016-11-02,Office/Office Other/,401
2016-11-02,Office/Writing Instruments/,2515
2016-11-02,Shop by Brand/,861
2016-11-02,Shop by Brand/Android/,1873
2016-11-02,Shop by Brand/Google/,3525
2016-11-02,Shop by Brand/YouTube/,5803
2016-11-02,Lifestyle,78
2016-11-02,Lifestyle/,12
2016-11-02,Notebooks & Journals,4
2016-11-02,Office,581
2016-11-02,Waze,4
2016-11-03,Accessories,13
2016-11-03,Apparel,1039
2016-11-03,Backpacks,9
2016-11-03,Bags,192
2016-11-03,Bottles,13
2016-11-03,Drinkware,374
2016-11-03,Electronics,130
2016-11-03,Headgear,52
2016-11-03,Accessories/,3176
2016-11-03,Accessories/Fun/,3724
2016-11-03,Accessories/Housewares/,1028
2016-11-03,Accessories/Pet/,365
2016-11-03,Accessories/Sports & Fitness/,320
2016-11-03,Accessories/Stickers/,1013
2016-11-03,Apparel/,7960
2016-11-03,Apparel/Headgear/,1534
2016-11-03,Apparel/Kid's/,352
2016-11-03,Apparel/Kid's/Kid's-Infant/,825
2016-11-03,Apparel/Kid's/Kid's-Toddler/,703
2016-11-03,Apparel/Kid's/Kids-Youth/,868
2016-11-03,Apparel/Men's/,1920
2016-11-03,Apparel/Men's/Men's-Outerwear/,4026
2016-11-03,Apparel/Men's/Men's-Performance Wear/,1156
2016-11-03,Apparel/Men's/Men's-T-Shirts/,6937
2016-11-03,Apparel/Women's/,946
2016-11-03,Apparel/Women's/Women's-Outerwear/,1858
2016-11-03,Apparel/Women's/Women's-Performance Wear/,921
2016-11-03,Apparel/Women's/Women's-T-Shirts/,1797
2016-11-03,Bags/,2848
2016-11-03,Bags/Backpacks/,2052
2016-11-03,Bags/More Bags/,1365
2016-11-03,Bags/Shopping and Totes/,770
2016-11-03,Drinkware/,3669
2016-11-03,Drinkware/Mugs and Cups/,625
2016-11-03,Drinkware/Water Bottles and Tumblers/,2663
2016-11-03,Electronics/,3151
2016-11-03,Electronics/Audio/,2277
2016-11-03,Electronics/Electronics Accessories/,1402
2016-11-03,Electronics/Flashlights/,473
2016-11-03,Electronics/Power/,798
2016-11-03,Gift Cards/,198
2016-11-03,Office/,3673
2016-11-03,Office/Notebooks & Journals/,3043
2016-11-03,Office/Office Other/,351
2016-11-03,Office/Writing Instruments/,2039
2016-11-03,Shop by Brand/,720
2016-11-03,Shop by Brand/Android/,1931
2016-11-03,Shop by Brand/Google/,3684
2016-11-03,Shop by Brand/YouTube/,6073
2016-11-03,Housewares,4
2016-11-03,Lifestyle,153
2016-11-03,Lifestyle/,24
2016-11-03,Office,487
2016-11-04,Accessories,17
2016-11-04,Apparel,778
2016-11-04,Backpacks,22
2016-11-04,Bags,150
2016-11-04,Bottles,28
2016-11-04,Drinkware,390
2016-11-04,Electronics,180
2016-11-04,Headgear,36
2016-11-04,Accessories/,3249
2016-11-04,Accessories/Fun/,3340
2016-11-04,Accessories/Housewares/,893
2016-11-04,Accessories/Pet/,367
2016-11-04,Accessories/Sports & Fitness/,323
2016-11-04,Accessories/Stickers/,954
2016-11-04,Apparel/,4632
2016-11-04,Apparel/Headgear/,1501
2016-11-04,Apparel/Kid's/,386
2016-11-04,Apparel/Kid's/Kid's-Infant/,981
2016-11-04,Apparel/Kid's/Kid's-Toddler/,903
2016-11-04,Apparel/Kid's/Kids-Youth/,891
2016-11-04,Apparel/Men's/,1805
2016-11-04,Apparel/Men's/Men's-Outerwear/,3138
2016-11-04,Apparel/Men's/Men's-Performance Wear/,1059
2016-11-04,Apparel/Men's/Men's-T-Shirts/,6722
2016-11-04,Apparel/Women's/,1187
2016-11-04,Apparel/Women's/Women's-Outerwear/,1400
2016-11-04,Apparel/Women's/Women's-Performance Wear/,897
2016-11-04,Apparel/Women's/Women's-T-Shirts/,2230
2016-11-04,Bags/,3063
2016-11-04,Bags/Backpacks/,1590
2016-11-04,Bags/More Bags/,1328
2016-11-04,Bags/Shopping and Totes/,572
2016-11-04,Drinkware/,3786
2016-11-04,Drinkware/Mugs and Cups/,515
2016-11-04,Drinkware/Water Bottles and Tumblers/,2470
2016-11-04,Electronics/,3142
2016-11-04,Electronics/Audio/,1746
2016-11-04,Electronics/Electronics Accessories/,1091
2016-11-04,Electronics/Flashlights/,509
2016-11-04,Electronics/Power/,656
2016-11-04,Gift Cards/,164
2016-11-04,Office/,4333
2016-11-04,Office/Notebooks & Journals/,2104
2016-11-04,Office/Office Other/,334
2016-11-04,Office/Writing Instruments/,1722
2016-11-04,Shop by Brand/,724
2016-11-04,Shop by Brand/Android/,1994
2016-11-04,Shop by Brand/Google/,3183
2016-11-04,Shop by Brand/YouTube/,5270
2016-11-04,Housewares,11
2016-11-04,Lifestyle,91
2016-11-04,Lifestyle/,24
2016-11-04,More Bags,21
2016-11-04,Office,592
2016-11-05,Accessories,25
2016-11-05,Apparel,287
2016-11-05,Backpacks,35
2016-11-05,Bags,57
2016-11-05,Bottles,1
2016-11-05,Drinkware,85
2016-11-05,Electronics,40
2016-11-05,Headgear,35
2016-11-05,Accessories/,2122
2016-11-05,Accessories/Fun/,2640
2016-11-05,Accessories/Housewares/,683
2016-11-05,Accessories/Pet/,200
2016-11-05,Accessories/Sports & Fitness/,206
2016-11-05,Accessories/Stickers/,659
2016-11-05,Apparel/,4706
2016-11-05,Apparel/Headgear/,1202
2016-11-05,Apparel/Kid's/,144
2016-11-05,Apparel/Kid's/Kid's-Infant/,245
2016-11-05,Apparel/Kid's/Kid's-Toddler/,198
2016-11-05,Apparel/Kid's/Kids-Youth/,235
2016-11-05,Apparel/Men's/,1171
2016-11-05,Apparel/Men's/Men's-Outerwear/,2192
2016-11-05,Apparel/Men's/Men's-Performance Wear/,576
2016-11-05,Apparel/Men's/Men's-T-Shirts/,4304
2016-11-05,Apparel/Women's/,968
2016-11-05,Apparel/Women's/Women's-Outerwear/,644
2016-11-05,Apparel/Women's/Women's-Performance Wear/,295
2016-11-05,Apparel/Women's/Women's-T-Shirts/,984
2016-11-05,Bags/,2297
2016-11-05,Bags/Backpacks/,987
2016-11-05,Bags/More Bags/,756
2016-11-05,Bags/Shopping and Totes/,359
2016-11-05,Drinkware/,2643
2016-11-05,Drinkware/Mugs and Cups/,617
2016-11-05,Drinkware/Water Bottles and Tumblers/,931
2016-11-05,Electronics/,1893
2016-11-05,Electronics/Audio/,819
2016-11-05,Electronics/Electronics Accessories/,713
2016-11-05,Electronics/Flashlights/,200
2016-11-05,Electronics/Power/,500
2016-11-05,Gift Cards/,103
2016-11-05,Office/,3071
2016-11-05,Office/Notebooks & Journals/,1023
2016-11-05,Office/Office Other/,193
2016-11-05,Office/Writing Instruments/,885
2016-11-05,Shop by Brand/,650
2016-11-05,Shop by Brand/Android/,621
2016-11-05,Shop by Brand/Google/,2260
2016-11-05,Shop by Brand/YouTube/,4297
2016-11-05,Lifestyle,73
2016-11-05,Lifestyle/,24
2016-11-05,More Bags,13
2016-11-05,Office,232
2016-11-05,Tumblers,3
2016-11-05,Wearables/,2
2016-11-05,Wearables/Men's T-Shirts/,12
2016-11-06,Accessories,9
2016-11-06,Apparel,580
2016-11-06,Bags,87
2016-11-06,Bottles,9
2016-11-06,Drinkware,151
2016-11-06,Electronics,30
2016-11-06,Headgear,35
2016-11-06,Accessories/,2463
2016-11-06,Accessories/Fun/,2051
2016-11-06,Accessories/Housewares/,610
2016-11-06,Accessories/Pet/,276
2016-11-06,Accessories/Sports & Fitness/,173
2016-11-06,Accessories/Stickers/,648
2016-11-06,Apparel/,4289
2016-11-06,Apparel/Headgear/,1198
2016-11-06,Apparel/Kid's/,132
2016-11-06,Apparel/Kid's/Kid's-Infant/,285
2016-11-06,Apparel/Kid's/Kid's-Toddler/,220
2016-11-06,Apparel/Kid's/Kids-Youth/,345
2016-11-06,Apparel/Men's/,1584
2016-11-06,Apparel/Men's/Men's-Outerwear/,1585
2016-11-06,Apparel/Men's/Men's-Performance Wear/,357
2016-11-06,Apparel/Men's/Men's-T-Shirts/,4940
2016-11-06,Apparel/Women's/,735
2016-11-06,Apparel/Women's/Women's-Outerwear/,453
2016-11-06,Apparel/Women's/Women's-Performance Wear/,144
2016-11-06,Apparel/Women's/Women's-T-Shirts/,1633
2016-11-06,Bags/,2547
2016-11-06,Bags/Backpacks/,1238
2016-11-06,Bags/More Bags/,563
2016-11-06,Bags/Shopping and Totes/,295
2016-11-06,Drinkware/,2843
2016-11-06,Drinkware/Mugs and Cups/,410
2016-11-06,Drinkware/Water Bottles and Tumblers/,975
2016-11-06,Electronics/,2277
2016-11-06,Electronics/Audio/,1015
2016-11-06,Electronics/Electronics Accessories/,842
2016-11-06,Electronics/Flashlights/,182
2016-11-06,Electronics/Power/,496
2016-11-06,Gift Cards/,70
2016-11-06,Office/,3061
2016-11-06,Office/Notebooks & Journals/,1343
2016-11-06,Office/Office Other/,194
2016-11-06,Office/Writing Instruments/,813
2016-11-06,Shop by Brand/,715
2016-11-06,Shop by Brand/Android/,987
2016-11-06,Shop by Brand/Google/,2238
2016-11-06,Shop by Brand/YouTube/,4769
2016-11-06,Lifestyle,118
2016-11-06,Office,317
2016-11-07,Accessories,18
2016-11-07,Apparel,1209
2016-11-07,Backpacks,27
2016-11-07,Bags,114
2016-11-07,Bottles,9
2016-11-07,Drinkware,427
2016-11-07,Electronics,207
2016-11-07,Gift Cards,10
2016-11-07,Headgear,92
2016-11-07,Accessories/,2417
2016-11-07,Accessories/Fun/,4234
2016-11-07,Accessories/Housewares/,1267
2016-11-07,Accessories/Pet/,592
2016-11-07,Accessories/Sports & Fitness/,334
2016-11-07,Accessories/Stickers/,1410
2016-11-07,Apparel/,5455
2016-11-07,Apparel/Headgear/,2273
2016-11-07,Apparel/Kid's/,519
2016-11-07,Apparel/Kid's/Kid's-Infant/,868
2016-11-07,Apparel/Kid's/Kid's-Toddler/,817
2016-11-07,Apparel/Kid's/Kids-Youth/,1070
2016-11-07,Apparel/Men's/,2404
2016-11-07,Apparel/Men's/Men's-Outerwear/,3932
2016-11-07,Apparel/Men's/Men's-Performance Wear/,1254
2016-11-07,Apparel/Men's/Men's-T-Shirts/,8602
2016-11-07,Apparel/Women's/,1092
2016-11-07,Apparel/Women's/Women's-Outerwear/,1922
2016-11-07,Apparel/Women's/Women's-Performance Wear/,448
2016-11-07,Apparel/Women's/Women's-T-Shirts/,2867
2016-11-07,Bags/,2857
2016-11-07,Bags/Backpacks/,2460
2016-11-07,Bags/More Bags/,1265
2016-11-07,Bags/Shopping and Totes/,730
2016-11-07,Drinkware/,2997
2016-11-07,Drinkware/Mugs and Cups/,743
2016-11-07,Drinkware/Water Bottles and Tumblers/,2713
2016-11-07,Electronics/,2878
2016-11-07,Electronics/Audio/,1870
2016-11-07,Electronics/Electronics Accessories/,1502
2016-11-07,Electronics/Flashlights/,498
2016-11-07,Electronics/Power/,1236
2016-11-07,Gift Cards/,107
2016-11-07,Office/,3253
2016-11-07,Office/Notebooks & Journals/,3003
2016-11-07,Office/Office Other/,429
2016-11-07,Office/Writing Instruments/,2189
2016-11-07,Shop by Brand/,670
2016-11-07,Shop by Brand/Android/,1349
2016-11-07,Shop by Brand/Google/,2597
2016-11-07,Shop by Brand/YouTube/,5359
2016-11-07,Lifestyle,198
2016-11-07,More Bags,26
2016-11-07,Office,528
2016-11-08,Accessories,20
2016-11-08,Apparel,1211
2016-11-08,Backpacks,19
2016-11-08,Bags,568
2016-11-08,Bottles,22
2016-11-08,Drinkware,483
2016-11-08,Electronics,218
2016-11-08,Gift Cards,112
2016-11-08,Headgear,44
2016-11-08,Accessories/,3174
2016-11-08,Accessories/Fun/,4091
2016-11-08,Accessories/Housewares/,1200
2016-11-08,Accessories/Pet/,392
2016-11-08,Accessories/Sports & Fitness/,326
2016-11-08,Accessories/Stickers/,1264
2016-11-08,Apparel/,5562
2016-11-08,Apparel/Headgear/,2004
2016-11-08,Apparel/Kid's/,443
2016-11-08,Apparel/Kid's/Kid's-Infant/,625
2016-11-08,Apparel/Kid's/Kid's-Toddler/,560
2016-11-08,Apparel/Kid's/Kids-Youth/,597
2016-11-08,Apparel/Men's/,2449
2016-11-08,Apparel/Men's/Men's-Outerwear/,3337
2016-11-08,Apparel/Men's/Men's-Performance Wear/,915
2016-11-08,Apparel/Men's/Men's-T-Shirts/,8131
2016-11-08,Apparel/Women's/,1316
2016-11-08,Apparel/Women's/Women's-Outerwear/,1937
2016-11-08,Apparel/Women's/Women's-Performance Wear/,349
2016-11-08,Apparel/Women's/Women's-T-Shirts/,3399
2016-11-08,Bags/,4132
2016-11-08,Bags/Backpacks/,2824
2016-11-08,Bags/More Bags/,1200
2016-11-08,Bags/Shopping and Totes/,782
2016-11-08,Drinkware/,4482
2016-11-08,Drinkware/Mugs and Cups/,981
2016-11-08,Drinkware/Water Bottles and Tumblers/,3516
2016-11-08,Electronics/,4097
2016-11-08,Electronics/Audio/,2162
2016-11-08,Electronics/Electronics Accessories/,1408
2016-11-08,Electronics/Flashlights/,375
2016-11-08,Electronics/Power/,847
2016-11-08,Gift Cards/,331
2016-11-08,Office/,4684
2016-11-08,Office/Notebooks & Journals/,3256
2016-11-08,Office/Office Other/,535
2016-11-08,Office/Writing Instruments/,1974
2016-11-08,Shop by Brand/,895
2016-11-08,Shop by Brand/Android/,1334
2016-11-08,Shop by Brand/Google/,2651
2016-11-08,Shop by Brand/YouTube/,5606
2016-11-08,Lifestyle,84
2016-11-08,More Bags,18
2016-11-08,Notebooks & Journals,1
2016-11-08,Office,717
2016-11-08,Tumblers,6
2016-11-08,Waze,4
2016-11-08,Wearables/Men's T-Shirts/,60
2016-11-09,Accessories,14
2016-11-09,Apparel,1005
2016-11-09,Backpacks,11
2016-11-09,Bags,295
2016-11-09,Bottles,23
2016-11-09,Drinkware,359
2016-11-09,Electronics,269
2016-11-09,Gift Cards,20
2016-11-09,Headgear,33
2016-11-09,Accessories/,2672
2016-11-09,Accessories/Fun/,4206
2016-11-09,Accessories/Housewares/,1330
2016-11-09,Accessories/Pet/,741
2016-11-09,Accessories/Sports & Fitness/,399
2016-11-09,Accessories/Stickers/,1266
2016-11-09,Apparel/,5154
2016-11-09,Apparel/Headgear/,1527
2016-11-09,Apparel/Kid's/,336
2016-11-09,Apparel/Kid's/Kid's-Infant/,749
2016-11-09,Apparel/Kid's/Kid's-Toddler/,726
2016-11-09,Apparel/Kid's/Kids-Youth/,456
2016-11-09,Apparel/Men's/,2004
2016-11-09,Apparel/Men's/Men's-Outerwear/,2855
2016-11-09,Apparel/Men's/Men's-Performance Wear/,797
2016-11-09,Apparel/Men's/Men's-T-Shirts/,7874
2016-11-09,Apparel/Women's/,1301
2016-11-09,Apparel/Women's/Women's-Outerwear/,1607
2016-11-09,Apparel/Women's/Women's-Performance Wear/,337
2016-11-09,Apparel/Women's/Women's-T-Shirts/,3562
2016-11-09,Bags/,3059
2016-11-09,Bags/Backpacks/,2019
2016-11-09,Bags/More Bags/,780
2016-11-09,Bags/Shopping and Totes/,802
2016-11-09,Drinkware/,3267
2016-11-09,Drinkware/Mugs and Cups/,813
2016-11-09,Drinkware/Water Bottles and Tumblers/,2728
2016-11-09,Electronics/,3573
2016-11-09,Electronics/Audio/,1900
2016-11-09,Electronics/Electronics Accessories/,1467
2016-11-09,Electronics/Flashlights/,501
2016-11-09,Electronics/Power/,842
2016-11-09,Gift Cards/,148
2016-11-09,Office/,3715
2016-11-09,Office/Notebooks & Journals/,2957
2016-11-09,Office/Office Other/,568
2016-11-09,Office/Writing Instruments/,2240
2016-11-09,Shop by Brand/,604
2016-11-09,Shop by Brand/Android/,1406
2016-11-09,Shop by Brand/Google/,3196
2016-11-09,Shop by Brand/YouTube/,4360
2016-11-09,Lifestyle,290
2016-11-09,Lifestyle/,39
2016-11-09,Office,763
2016-11-09,Waze,4
2016-11-09,Wearables/Men's T-Shirts/,36
2016-11-10,Accessories,6
2016-11-10,Apparel,1083
2016-11-10,Backpacks,20
2016-11-10,Bags,197
2016-11-10,Bottles,1
2016-11-10,Drinkware,374
2016-11-10,Electronics,200
2016-11-10,Headgear,24
2016-11-10,Accessories/,3128
2016-11-10,Accessories/Fun/,3963
2016-11-10,Accessories/Housewares/,1168
2016-11-10,Accessories/Pet/,307
2016-11-10,Accessories/Sports & Fitness/,346
2016-11-10,Accessories/Stickers/,922
2016-11-10,Apparel/,7103
2016-11-10,Apparel/Headgear/,1829
2016-11-10,Apparel/Kid's/,174
2016-11-10,Apparel/Kid's/Kid's-Infant/,856
2016-11-10,Apparel/Kid's/Kid's-Toddler/,464
2016-11-10,Apparel/Kid's/Kids-Youth/,527
2016-11-10,Apparel/Men's/,2074
2016-11-10,Apparel/Men's/Men's-Outerwear/,3725
2016-11-10,Apparel/Men's/Men's-Performance Wear/,1134
2016-11-10,Apparel/Men's/Men's-T-Shirts/,10274
2016-11-10,Apparel/Women's/,1901
2016-11-10,Apparel/Women's/Women's-Outerwear/,1505
2016-11-10,Apparel/Women's/Women's-Performance Wear/,643
2016-11-10,Apparel/Women's/Women's-T-Shirts/,4204
2016-11-10,Bags/,3187
2016-11-10,Bags/Backpacks/,2247
2016-11-10,Bags/More Bags/,1141
2016-11-10,Bags/Shopping and Totes/,520
2016-11-10,Drinkware/,4029
2016-11-10,Drinkware/Mugs and Cups/,696
2016-11-10,Drinkware/Water Bottles and Tumblers/,2653
2016-11-10,Electronics/,3315
2016-11-10,Electronics/Audio/,1880
2016-11-10,Electronics/Electronics Accessories/,1501
2016-11-10,Electronics/Flashlights/,542
2016-11-10,Electronics/Power/,852
2016-11-10,Gift Cards/,94
2016-11-10,Office/,4648
2016-11-10,Office/Notebooks & Journals/,2262
2016-11-10,Office/Office Other/,428
2016-11-10,Office/Writing Instruments/,1879
2016-11-10,Shop by Brand/,900
2016-11-10,Shop by Brand/Android/,1217
2016-11-10,Shop by Brand/Google/,2849
2016-11-10,Shop by Brand/YouTube/,6997
2016-11-10,Lifestyle,116
2016-11-10,Lifestyle/,74
2016-11-10,More Bags,12
2016-11-10,Office,549
2016-11-10,Waze,2
2016-11-11,Apparel,483
2016-11-11,Backpacks,30
2016-11-11,Bags,72
2016-11-11,Bottles,2
2016-11-11,Drinkware,130
2016-11-11,Electronics,38
2016-11-11,Headgear,36
2016-11-11,Accessories/,3666
2016-11-11,Accessories/Fun/,2730
2016-11-11,Accessories/Housewares/,693
2016-11-11,Accessories/Pet/,216
2016-11-11,Accessories/Sports & Fitness/,210
2016-11-11,Accessories/Stickers/,783
2016-11-11,Apparel/,5518
2016-11-11,Apparel/Headgear/,1420
2016-11-11,Apparel/Kid's/,230
2016-11-11,Apparel/Kid's/Kid's-Infant/,752
2016-11-11,Apparel/Kid's/Kid's-Toddler/,566
2016-11-11,Apparel/Kid's/Kids-Youth/,703
2016-11-11,Apparel/Men's/,1798
2016-11-11,Apparel/Men's/Men's-Outerwear/,3439
2016-11-11,Apparel/Men's/Men's-Performance Wear/,932
2016-11-11,Apparel/Men's/Men's-T-Shirts/,6703
2016-11-11,Apparel/Women's/,1018
2016-11-11,Apparel/Women's/Women's-Outerwear/,1486
2016-11-11,Apparel/Women's/Women's-Performance Wear/,564
2016-11-11,Apparel/Women's/Women's-T-Shirts/,2715
2016-11-11,Bags/,2912
2016-11-11,Bags/Backpacks/,1824
2016-11-11,Bags/More Bags/,802
2016-11-11,Bags/Shopping and Totes/,627
2016-11-11,Drinkware/,3871
2016-11-11,Drinkware/Mugs and Cups/,500
2016-11-11,Drinkware/Water Bottles and Tumblers/,2130
2016-11-11,Electronics/,2887
2016-11-11,Electronics/Audio/,1479
2016-11-11,Electronics/Electronics Accessories/,1057
2016-11-11,Electronics/Flashlights/,332
2016-11-11,Electronics/Power/,578
2016-11-11,Gift Cards/,108
2016-11-11,Office/,4317
2016-11-11,Office/Notebooks & Journals/,1509
2016-11-11,Office/Office Other/,211
2016-11-11,Office/Writing Instruments/,1130
2016-11-11,Shop by Brand/,1010
2016-11-11,Shop by Brand/Android/,1135
2016-11-11,Shop by Brand/Google/,2443
2016-11-11,Shop by Brand/YouTube/,9173
2016-11-11,Housewares,5
2016-11-11,Lifestyle,109
2016-11-11,Lifestyle/,24
2016-11-11,Office,248
2016-11-11,Tumblers,6
2016-11-12,Accessories,2
2016-11-12,Apparel,303
2016-11-12,Backpacks,26
2016-11-12,Bags,47
2016-11-12,Drinkware,70
2016-11-12,Electronics,62
2016-11-12,Accessories/,2192
2016-11-12,Accessories/Fun/,1599
2016-11-12,Accessories/Housewares/,680
2016-11-12,Accessories/Pet/,210
2016-11-12,Accessories/Sports & Fitness/,179
2016-11-12,Accessories/Stickers/,477
2016-11-12,Apparel/,4043
2016-11-12,Apparel/Headgear/,1012
2016-11-12,Apparel/Kid's/,204
2016-11-12,Apparel/Kid's/Kid's-Infant/,555
2016-11-12,Apparel/Kid's/Kid's-Toddler/,547
2016-11-12,Apparel/Kid's/Kids-Youth/,359
2016-11-12,Apparel/Men's/,1304
2016-11-12,Apparel/Men's/Men's-Outerwear/,2114
2016-11-12,Apparel/Men's/Men's-Performance Wear/,507
2016-11-12,Apparel/Men's/Men's-T-Shirts/,5350
2016-11-12,Apparel/Women's/,624
2016-11-12,Apparel/Women's/Women's-Outerwear/,554
2016-11-12,Apparel/Women's/Women's-Performance Wear/,241
2016-11-12,Apparel/Women's/Women's-T-Shirts/,2111
2016-11-12,Bags/,2899
2016-11-12,Bags/Backpacks/,1485
2016-11-12,Bags/More Bags/,618
2016-11-12,Bags/Shopping and Totes/,347
2016-11-12,Drinkware/,3348
2016-11-12,Drinkware/Mugs and Cups/,418
2016-11-12,Drinkware/Water Bottles and Tumblers/,1046
2016-11-12,Electronics/,2238
2016-11-12,Electronics/Audio/,1084
2016-11-12,Electronics/Electronics Accessories/,908
2016-11-12,Electronics/Flashlights/,162
2016-11-12,Electronics/Power/,355
2016-11-12,Gift Cards/,60
2016-11-12,Office/,4857
2016-11-12,Office/Notebooks & Journals/,1181
2016-11-12,Office/Office Other/,181
2016-11-12,Office/Writing Instruments/,844
2016-11-12,Shop by Brand/,846
2016-11-12,Shop by Brand/Android/,1028
2016-11-12,Shop by Brand/Google/,2226
2016-11-12,Shop by Brand/YouTube/,9046
2016-11-12,Housewares,5
2016-11-12,Lifestyle,14
2016-11-12,Lifestyle/,24
2016-11-12,More Bags,20
2016-11-12,Office,171
2016-11-13,Accessories,6
2016-11-13,Apparel,304
2016-11-13,Bags,147
2016-11-13,Bottles,21
2016-11-13,Drinkware,82
2016-11-13,Electronics,78
2016-11-13,Headgear,31
2016-11-13,Accessories/,2214
2016-11-13,Accessories/Fun/,2271
2016-11-13,Accessories/Housewares/,926
2016-11-13,Accessories/Pet/,256
2016-11-13,Accessories/Sports & Fitness/,214
2016-11-13,Accessories/Stickers/,818
2016-11-13,Apparel/,3886
2016-11-13,Apparel/Headgear/,1324
2016-11-13,Apparel/Kid's/,84
2016-11-13,Apparel/Kid's/Kid's-Infant/,448
2016-11-13,Apparel/Kid's/Kid's-Toddler/,467
2016-11-13,Apparel/Kid's/Kids-Youth/,835
2016-11-13,Apparel/Men's/,1341
2016-11-13,Apparel/Men's/Men's-Outerwear/,2510
2016-11-13,Apparel/Men's/Men's-Performance Wear/,841
2016-11-13,Apparel/Men's/Men's-T-Shirts/,6847
2016-11-13,Apparel/Women's/,645
2016-11-13,Apparel/Women's/Women's-Outerwear/,683
2016-11-13,Apparel/Women's/Women's-Performance Wear/,306
2016-11-13,Apparel/Women's/Women's-T-Shirts/,1818
2016-11-13,Bags/,2229
2016-11-13,Bags/Backpacks/,1765
2016-11-13,Bags/More Bags/,734
2016-11-13,Bags/Shopping and Totes/,503
2016-11-13,Drinkware/,2670
2016-11-13,Drinkware/Mugs and Cups/,607
2016-11-13,Drinkware/Water Bottles and Tumblers/,2170
2016-11-13,Electronics/,2369
2016-11-13,Electronics/Audio/,1238
2016-11-13,Electronics/Electronics Accessories/,993
2016-11-13,Electronics/Flashlights/,296
2016-11-13,Electronics/Power/,641
2016-11-13,Gift Cards/,71
2016-11-13,Office/,3853
2016-11-13,Office/Notebooks & Journals/,2168
2016-11-13,Office/Office Other/,264
2016-11-13,Office/Writing Instruments/,1144
2016-11-13,Shop by Brand/,881
2016-11-13,Shop by Brand/Android/,1933
2016-11-13,Shop by Brand/Google/,3142
2016-11-13,Shop by Brand/YouTube/,11215
2016-11-13,Lifestyle,114
2016-11-13,Lifestyle/,72
2016-11-13,Office,277
2016-11-13,Tumblers,3
2016-11-13,Wearables/Men's T-Shirts/,12
2016-11-14,Accessories,16
2016-11-14,Apparel,882
2016-11-14,Backpacks,56
2016-11-14,Bags,313
2016-11-14,Bottles,55
2016-11-14,Drinkware,376
2016-11-14,Electronics,267
2016-11-14,Gift Cards,6
2016-11-14,Headgear,18
2016-11-14,Accessories/,3936
2016-11-14,Accessories/Fun/,5155
2016-11-14,Accessories/Housewares/,1326
2016-11-14,Accessories/Pet/,395
2016-11-14,Accessories/Sports & Fitness/,316
2016-11-14,Accessories/Stickers/,1403
2016-11-14,Apparel/,6583
2016-11-14,Apparel/Headgear/,1626
2016-11-14,Apparel/Kid's/,158
2016-11-14,Apparel/Kid's/Kid's-Infant/,816
2016-11-14,Apparel/Kid's/Kid's-Toddler/,963
2016-11-14,Apparel/Kid's/Kids-Youth/,619
2016-11-14,Apparel/Men's/,2057
2016-11-14,Apparel/Men's/Men's-Outerwear/,4319
2016-11-14,Apparel/Men's/Men's-Performance Wear/,1104
2016-11-14,Apparel/Men's/Men's-T-Shirts/,8943
2016-11-14,Apparel/Women's/,901
2016-11-14,Apparel/Women's/Women's-Outerwear/,1852
2016-11-14,Apparel/Women's/Women's-Performance Wear/,582
2016-11-14,Apparel/Women's/Women's-T-Shirts/,2648
2016-11-14,Bags/,3562
2016-11-14,Bags/Backpacks/,2469
2016-11-14,Bags/More Bags/,1060
2016-11-14,Bags/Shopping and Totes/,718
2016-11-14,Drinkware/,4316
2016-11-14,Drinkware/Mugs and Cups/,1025
2016-11-14,Drinkware/Water Bottles and Tumblers/,3387
2016-11-14,Electronics/,4845
2016-11-14,Electronics/Audio/,2451
2016-11-14,Electronics/Electronics Accessories/,1756
2016-11-14,Electronics/Flashlights/,545
2016-11-14,Electronics/Power/,993
2016-11-14,Gift Cards/,120
2016-11-14,Office/,4233
2016-11-14,Office/Notebooks & Journals/,3203
2016-11-14,Office/Office Other/,311
2016-11-14,Office/Writing Instruments/,2379
2016-11-14,Shop by Brand/,1206
2016-11-14,Shop by Brand/Android/,1980
2016-11-14,Shop by Brand/Google/,3948
2016-11-14,Shop by Brand/YouTube/,10778
2016-11-14,Housewares,33
2016-11-14,Lifestyle,355
2016-11-14,Lifestyle/,60
2016-11-14,More Bags,23
2016-11-14,Office,843
2016-11-14,Tumblers,6
2016-11-14,Waze,35
2016-11-14,Wearables/Men's T-Shirts/,48
2016-11-15,Accessories,55
2016-11-15,Apparel,1560
2016-11-15,Backpacks,36
2016-11-15,Bags,234
2016-11-15,Bottles,48
2016-11-15,Drinkware,355
2016-11-15,Electronics,307
2016-11-15,Headgear,91
2016-11-15,Accessories/,4189
2016-11-15,Accessories/Fun/,4892
2016-11-15,Accessories/Housewares/,1122
2016-11-15,Accessories/Pet/,522
2016-11-15,Accessories/Sports & Fitness/,377
2016-11-15,Accessories/Stickers/,1478
2016-11-15,Apparel/,6333
2016-11-15,Apparel/Headgear/,2217
2016-11-15,Apparel/Kid's/,252
2016-11-15,Apparel/Kid's/Kid's-Infant/,1116
2016-11-15,Apparel/Kid's/Kid's-Toddler/,878
2016-11-15,Apparel/Kid's/Kids-Youth/,1332
2016-11-15,Apparel/Men's/,2182
2016-11-15,Apparel/Men's/Men's-Outerwear/,5126
2016-11-15,Apparel/Men's/Men's-Performance Wear/,1413
2016-11-15,Apparel/Men's/Men's-T-Shirts/,10194
2016-11-15,Apparel/Women's/,1554
2016-11-15,Apparel/Women's/Women's-Outerwear/,2225
2016-11-15,Apparel/Women's/Women's-Performance Wear/,852
2016-11-15,Apparel/Women's/Women's-T-Shirts/,3763
2016-11-15,Bags/,3795
2016-11-15,Bags/Backpacks/,2901
2016-11-15,Bags/More Bags/,2010
2016-11-15,Bags/Shopping and Totes/,981
2016-11-15,Drinkware/,4913
2016-11-15,Drinkware/Mugs and Cups/,1076
2016-11-15,Drinkware/Water Bottles and Tumblers/,3479
2016-11-15,Electronics/,3895
2016-11-15,Electronics/Audio/,2515
2016-11-15,Electronics/Electronics Accessories/,1735
2016-11-15,Electronics/Flashlights/,400
2016-11-15,Electronics/Power/,822
2016-11-15,Gift Cards/,117
2016-11-15,Office/,4859
2016-11-15,Office/Notebooks & Journals/,3002
2016-11-15,Office/Office Other/,408
2016-11-15,Office/Writing Instruments/,2412
2016-11-15,Shop by Brand/,904
2016-11-15,Shop by Brand/Android/,2495
2016-11-15,Shop by Brand/Google/,3682
2016-11-15,Shop by Brand/YouTube/,13068
2016-11-15,Housewares,34
2016-11-15,Lifestyle,311
2016-11-15,Lifestyle/,12
2016-11-15,More Bags,15
2016-11-15,Office,729
2016-11-15,Waze,33
2016-11-16,Accessories,45
2016-11-16,Apparel,1173
2016-11-16,Backpacks,9
2016-11-16,Bags,124
2016-11-16,Bottles,47
2016-11-16,Drinkware,271
2016-11-16,Electronics,190
2016-11-16,Gift Cards,3
2016-11-16,Headgear,41
2016-11-16,Accessories/,3207
2016-11-16,Accessories/Fun/,4447
2016-11-16,Accessories/Housewares/,1354
2016-11-16,Accessories/Pet/,436
2016-11-16,Accessories/Sports & Fitness/,411
2016-11-16,Accessories/Stickers/,1180
2016-11-16,Apparel/,6273
2016-11-16,Apparel/Headgear/,2096
2016-11-16,Apparel/Kid's/,394
2016-11-16,Apparel/Kid's/Kid's-Infant/,595
2016-11-16,Apparel/Kid's/Kid's-Toddler/,962
2016-11-16,Apparel/Kid's/Kids-Youth/,980
2016-11-16,Apparel/Men's/,2364
2016-11-16,Apparel/Men's/Men's-Outerwear/,3818
2016-11-16,Apparel/Men's/Men's-Performance Wear/,1306
2016-11-16,Apparel/Men's/Men's-T-Shirts/,9780
2016-11-16,Apparel/Women's/,1095
2016-11-16,Apparel/Women's/Women's-Outerwear/,1602
2016-11-16,Apparel/Women's/Women's-Performance Wear/,724
2016-11-16,Apparel/Women's/Women's-T-Shirts/,3298
2016-11-16,Bags/,4241
2016-11-16,Bags/Backpacks/,2576
2016-11-16,Bags/More Bags/,1254
2016-11-16,Bags/Shopping and Totes/,791
2016-11-16,Drinkware/,4664
2016-11-16,Drinkware/Mugs and Cups/,1139
2016-11-16,Drinkware/Water Bottles and Tumblers/,3511
2016-11-16,Electronics/,3761
2016-11-16,Electronics/Audio/,2446
2016-11-16,Electronics/Electronics Accessories/,1919
2016-11-16,Electronics/Flashlights/,463
2016-11-16,Electronics/Power/,932
2016-11-16,Gift Cards/,94
2016-11-16,Office/,4811
2016-11-16,Office/Notebooks & Journals/,3053
2016-11-16,Office/Office Other/,463
2016-11-16,Office/Writing Instruments/,2680
2016-11-16,Shop by Brand/,1162
2016-11-16,Shop by Brand/Android/,1644
2016-11-16,Shop by Brand/Google/,3674
2016-11-16,Shop by Brand/YouTube/,11323
2016-11-16,Lifestyle,223
2016-11-16,Lifestyle/,24
2016-11-16,More Bags,14
2016-11-16,Office,576
2016-11-16,Tumblers,8
2016-11-16,Waze,33
2016-11-17,Accessories,67
2016-11-17,Apparel,1458
2016-11-17,Backpacks,41
2016-11-17,Bags,206
2016-11-17,Bottles,62
2016-11-17,Drinkware,513
2016-11-17,Electronics,279
2016-11-17,Headgear,34
2016-11-17,Accessories/,3479
2016-11-17,Accessories/Fun/,3248
2016-11-17,Accessories/Housewares/,1422
2016-11-17,Accessories/Pet/,401
2016-11-17,Accessories/Sports & Fitness/,327
2016-11-17,Accessories/Stickers/,1176
2016-11-17,Apparel/,5300
2016-11-17,Apparel/Headgear/,2210
2016-11-17,Apparel/Kid's/,494
2016-11-17,Apparel/Kid's/Kid's-Infant/,943
2016-11-17,Apparel/Kid's/Kid's-Toddler/,688
2016-11-17,Apparel/Kid's/Kids-Youth/,995
2016-11-17,Apparel/Men's/,2568
2016-11-17,Apparel/Men's/Men's-Outerwear/,4023
2016-11-17,Apparel/Men's/Men's-Performance Wear/,1746
2016-11-17,Apparel/Men's/Men's-T-Shirts/,9175
2016-11-17,Apparel/Women's/,1263
2016-11-17,Apparel/Women's/Women's-Outerwear/,2239
2016-11-17,Apparel/Women's/Women's-Performance Wear/,848
2016-11-17,Apparel/Women's/Women's-T-Shirts/,3095
2016-11-17,Bags/,3879
2016-11-17,Bags/Backpacks/,2605
2016-11-17,Bags/More Bags/,1476
2016-11-17,Bags/Shopping and Totes/,939
2016-11-17,Drinkware/,3713
2016-11-17,Drinkware/Mugs and Cups/,871
2016-11-17,Drinkware/Water Bottles and Tumblers/,3877
2016-11-17,Electronics/,3512
2016-11-17,Electronics/Audio/,1727
2016-11-17,Electronics/Electronics Accessories/,1405
2016-11-17,Electronics/Flashlights/,510
2016-11-17,Electronics/Power/,706
2016-11-17,Gift Cards/,48
2016-11-17,Office/,4657
2016-11-17,Office/Notebooks & Journals/,2594
2016-11-17,Office/Office Other/,570
2016-11-17,Office/Writing Instruments/,2201
2016-11-17,Shop by Brand/,941
2016-11-17,Shop by Brand/Android/,1840
2016-11-17,Shop by Brand/Google/,3209
2016-11-17,Shop by Brand/YouTube/,11088
2016-11-17,Lifestyle,266
2016-11-17,More Bags,43
2016-11-17,Office,807
2016-11-17,Tumblers,10
2016-11-17,Waze,33
2016-11-17,Wearables/Men's T-Shirts/,60
2016-11-18,Accessories,35
2016-11-18,Apparel,802
2016-11-18,Backpacks,16
2016-11-18,Bags,159
2016-11-18,Bottles,37
2016-11-18,Drinkware,305
2016-11-18,Electronics,124
2016-11-18,Headgear,32
2016-11-18,Accessories/,2514
2016-11-18,Accessories/Fun/,3970
2016-11-18,Accessories/Housewares/,1041
2016-11-18,Accessories/Pet/,312
2016-11-18,Accessories/Sports & Fitness/,226
2016-11-18,Accessories/Stickers/,1479
2016-11-18,Apparel/,5607
2016-11-18,Apparel/Headgear/,2263
2016-11-18,Apparel/Kid's/,476
2016-11-18,Apparel/Kid's/Kid's-Infant/,748
2016-11-18,Apparel/Kid's/Kid's-Toddler/,665
2016-11-18,Apparel/Kid's/Kids-Youth/,619
2016-11-18,Apparel/Men's/,1887
2016-11-18,Apparel/Men's/Men's-Outerwear/,3589
2016-11-18,Apparel/Men's/Men's-Performance Wear/,1214
2016-11-18,Apparel/Men's/Men's-T-Shirts/,6563
2016-11-18,Apparel/Women's/,1329
2016-11-18,Apparel/Women's/Women's-Outerwear/,1670
2016-11-18,Apparel/Women's/Women's-Performance Wear/,581
2016-11-18,Apparel/Women's/Women's-T-Shirts/,2721
2016-11-18,Bags/,2934
2016-11-18,Bags/Backpacks/,1810
2016-11-18,Bags/More Bags/,937
2016-11-18,Bags/Shopping and Totes/,728
2016-11-18,Drinkware/,3007
2016-11-18,Drinkware/Mugs and Cups/,713
2016-11-18,Drinkware/Water Bottles and Tumblers/,3013
2016-11-18,Electronics/,3019
2016-11-18,Electronics/Audio/,1366
2016-11-18,Electronics/Electronics Accessories/,1279
2016-11-18,Electronics/Flashlights/,388
2016-11-18,Electronics/Power/,668
2016-11-18,Gift Cards/,154
2016-11-18,Office/,4876
2016-11-18,Office/Notebooks & Journals/,2375
2016-11-18,Office/Office Other/,408
2016-11-18,Office/Writing Instruments/,1807
2016-11-18,Shop by Brand/,908
2016-11-18,Shop by Brand/Android/,1137
2016-11-18,Shop by Brand/Google/,3211
2016-11-18,Shop by Brand/YouTube/,9889
2016-11-18,Housewares,18
2016-11-18,Lifestyle,218
2016-11-18,More Bags,21
2016-11-18,Office,569
2016-11-18,Tumblers,12
2016-11-18,Waze,2
2016-11-19,Apparel,409
2016-11-19,Backpacks,14
2016-11-19,Bags,19
2016-11-19,Bottles,10
2016-11-19,Drinkware,108
2016-11-19,Electronics,92
2016-11-19,Headgear,5
2016-11-19,Accessories/,1848
2016-11-19,Accessories/Fun/,2238
2016-11-19,Accessories/Housewares/,887
2016-11-19,Accessories/Pet/,206
2016-11-19,Accessories/Sports & Fitness/,191
2016-11-19,Accessories/Stickers/,788
2016-11-19,Apparel/,4226
2016-11-19,Apparel/Headgear/,886
2016-11-19,Apparel/Kid's/,152
2016-11-19,Apparel/Kid's/Kid's-Infant/,324
2016-11-19,Apparel/Kid's/Kid's-Toddler/,357
2016-11-19,Apparel/Kid's/Kids-Youth/,401
2016-11-19,Apparel/Men's/,1614
2016-11-19,Apparel/Men's/Men's-Outerwear/,1749
2016-11-19,Apparel/Men's/Men's-Performance Wear/,694
2016-11-19,Apparel/Men's/Men's-T-Shirts/,5056
2016-11-19,Apparel/Women's/,553
2016-11-19,Apparel/Women's/Women's-Outerwear/,847
2016-11-19,Apparel/Women's/Women's-Performance Wear/,213
2016-11-19,Apparel/Women's/Women's-T-Shirts/,2038
2016-11-19,Bags/,3198
2016-11-19,Bags/Backpacks/,1407
2016-11-19,Bags/More Bags/,658
2016-11-19,Bags/Shopping and Totes/,403
2016-11-19,Drinkware/,2196
2016-11-19,Drinkware/Mugs and Cups/,406
2016-11-19,Drinkware/Water Bottles and Tumblers/,1575
2016-11-19,Electronics/,2158
2016-11-19,Electronics/Audio/,1173
2016-11-19,Electronics/Electronics Accessories/,863
2016-11-19,Electronics/Flashlights/,428
2016-11-19,Electronics/Power/,364
2016-11-19,Gift Cards/,8
2016-11-19,Office/,2896
2016-11-19,Office/Notebooks & Journals/,1646
2016-11-19,Office/Office Other/,208
2016-11-19,Office/Writing Instruments/,1122
2016-11-19,Shop by Brand/,878
2016-11-19,Shop by Brand/Android/,1216
2016-11-19,Shop by Brand/Google/,2509
2016-11-19,Shop by Brand/YouTube/,10108
2016-11-19,Housewares,21
2016-11-19,Lifestyle,58
2016-11-19,More Bags,4
2016-11-19,Office,146
2016-11-20,Accessories,11
2016-11-20,Apparel,461
2016-11-20,Backpacks,1
2016-11-20,Bags,55
2016-11-20,Bottles,37
2016-11-20,Drinkware,180
2016-11-20,Electronics,82
2016-11-20,Accessories/,1942
2016-11-20,Accessories/Fun/,2624
2016-11-20,Accessories/Housewares/,976
2016-11-20,Accessories/Pet/,320
2016-11-20,Accessories/Sports & Fitness/,247
2016-11-20,Accessories/Stickers/,979
2016-11-20,Apparel/,5497
2016-11-20,Apparel/Headgear/,1235
2016-11-20,Apparel/Kid's/,84
2016-11-20,Apparel/Kid's/Kid's-Infant/,655
2016-11-20,Apparel/Kid's/Kid's-Toddler/,714
2016-11-20,Apparel/Kid's/Kids-Youth/,791
2016-11-20,Apparel/Men's/,2148
2016-11-20,Apparel/Men's/Men's-Outerwear/,2711
2016-11-20,Apparel/Men's/Men's-Performance Wear/,817
2016-11-20,Apparel/Men's/Men's-T-Shirts/,6292
2016-11-20,Apparel/Women's/,589
2016-11-20,Apparel/Women's/Women's-Outerwear/,1024
2016-11-20,Apparel/Women's/Women's-Performance Wear/,431
2016-11-20,Apparel/Women's/Women's-T-Shirts/,1879
2016-11-20,Bags/,3195
2016-11-20,Bags/Backpacks/,1508
2016-11-20,Bags/More Bags/,676
2016-11-20,Bags/Shopping and Totes/,513
2016-11-20,Drinkware/,3562
2016-11-20,Drinkware/Mugs and Cups/,638
2016-11-20,Drinkware/Water Bottles and Tumblers/,2093
2016-11-20,Electronics/,2397
2016-11-20,Electronics/Audio/,1373
2016-11-20,Electronics/Electronics Accessories/,971
2016-11-20,Electronics/Flashlights/,483
2016-11-20,Electronics/Power/,544
2016-11-20,Gift Cards/,52
2016-11-20,Office/,3111
2016-11-20,Office/Notebooks & Journals/,1823
2016-11-20,Office/Office Other/,267
2016-11-20,Office/Writing Instruments/,1725
2016-11-20,Shop by Brand/,1153
2016-11-20,Shop by Brand/Android/,1138
2016-11-20,Shop by Brand/Google/,2954
2016-11-20,Shop by Brand/YouTube/,10011
2016-11-20,Housewares,8
2016-11-20,Lifestyle,145
2016-11-20,Lifestyle/,24
2016-11-20,More Bags,14
2016-11-20,Office,510
2016-11-20,Tumblers,8
2016-11-20,Wearables/Men's T-Shirts/,57
2016-11-21,Accessories,6
2016-11-21,Apparel,1582
2016-11-21,Backpacks,33
2016-11-21,Bags,149
2016-11-21,Bottles,20
2016-11-21,Drinkware,462
2016-11-21,Electronics,233
2016-11-21,Gift Cards,5
2016-11-21,Headgear,19
2016-11-21,Accessories/,3286
2016-11-21,Accessories/Fun/,3887
2016-11-21,Accessories/Housewares/,1229
2016-11-21,Accessories/Pet/,350
2016-11-21,Accessories/Sports & Fitness/,357
2016-11-21,Accessories/Stickers/,1407
2016-11-21,Apparel/,5523
2016-11-21,Apparel/Headgear/,2057
2016-11-21,Apparel/Kid's/,347
2016-11-21,Apparel/Kid's/Kid's-Infant/,1720
2016-11-21,Apparel/Kid's/Kid's-Toddler/,880
2016-11-21,Apparel/Kid's/Kids-Youth/,927
2016-11-21,Apparel/Men's/,2369
2016-11-21,Apparel/Men's/Men's-Outerwear/,4918
2016-11-21,Apparel/Men's/Men's-Performance Wear/,1279
2016-11-21,Apparel/Men's/Men's-T-Shirts/,9541
2016-11-21,Apparel/Women's/,1006
2016-11-21,Apparel/Women's/Women's-Outerwear/,1862
2016-11-21,Apparel/Women's/Women's-Performance Wear/,569
2016-11-21,Apparel/Women's/Women's-T-Shirts/,2998
2016-11-21,Bags/,3312
2016-11-21,Bags/Backpacks/,3138
2016-11-21,Bags/More Bags/,1170
2016-11-21,Bags/Shopping and Totes/,752
2016-11-21,Drinkware/,3734
2016-11-21,Drinkware/Mugs and Cups/,954
2016-11-21,Drinkware/Water Bottles and Tumblers/,3897
2016-11-21,Electronics/,3886
2016-11-21,Electronics/Audio/,2457
2016-11-21,Electronics/Electronics Accessories/,1758
2016-11-21,Electronics/Flashlights/,374
2016-11-21,Electronics/Power/,706
2016-11-21,Gift Cards/,56
2016-11-21,Office/,4556
2016-11-21,Office/Notebooks & Journals/,2806
2016-11-21,Office/Office Other/,449
2016-11-21,Office/Writing Instruments/,1713
2016-11-21,Shop by Brand/,1237
2016-11-21,Shop by Brand/Android/,1389
2016-11-21,Shop by Brand/Google/,4249
2016-11-21,Shop by Brand/YouTube/,11027
2016-11-21,Housewares,17
2016-11-21,Lifestyle,206
2016-11-21,Lifestyle/,60
2016-11-21,More Bags,13
2016-11-21,Office,677
2016-11-21,Tumblers,16
2016-11-21,Waze,33
2016-11-22,Accessories,5
2016-11-22,Apparel,863
2016-11-22,Backpacks,2
2016-11-22,Bags,322
2016-11-22,Drinkware,288
2016-11-22,Electronics,140
2016-11-22,Headgear,40
2016-11-22,Accessories/,2549
2016-11-22,Accessories/Fun/,3688
2016-11-22,Accessories/Housewares/,1175
2016-11-22,Accessories/Pet/,516
2016-11-22,Accessories/Sports & Fitness/,334
2016-11-22,Accessories/Stickers/,830
2016-11-22,Apparel/,5345
2016-11-22,Apparel/Headgear/,1678
2016-11-22,Apparel/Kid's/,447
2016-11-22,Apparel/Kid's/Kid's-Infant/,903
2016-11-22,Apparel/Kid's/Kid's-Toddler/,945
2016-11-22,Apparel/Kid's/Kids-Youth/,841
2016-11-22,Apparel/Men's/,2476
2016-11-22,Apparel/Men's/Men's-Outerwear/,3508
2016-11-22,Apparel/Men's/Men's-Performance Wear/,1477
2016-11-22,Apparel/Men's/Men's-T-Shirts/,8279
2016-11-22,Apparel/Women's/,1059
2016-11-22,Apparel/Women's/Women's-Outerwear/,1310
2016-11-22,Apparel/Women's/Women's-Performance Wear/,1178
2016-11-22,Apparel/Women's/Women's-T-Shirts/,3292
2016-11-22,Bags/,3729
2016-11-22,Bags/Backpacks/,2068
2016-11-22,Bags/More Bags/,946
2016-11-22,Bags/Shopping and Totes/,731
2016-11-22,Drinkware/,3868
2016-11-22,Drinkware/Mugs and Cups/,966
2016-11-22,Drinkware/Water Bottles and Tumblers/,2676
2016-11-22,Electronics/,3495
2016-11-22,Electronics/Audio/,2294
2016-11-22,Electronics/Electronics Accessories/,1726
2016-11-22,Electronics/Flashlights/,448
2016-11-22,Electronics/Power/,710
2016-11-22,Gift Cards/,151
2016-11-22,Office/,2832
2016-11-22,Office/Notebooks & Journals/,1874
2016-11-22,Office/Office Other/,421
2016-11-22,Office/Writing Instruments/,1909
2016-11-22,Shop by Brand/,1124
2016-11-22,Shop by Brand/Android/,1452
2016-11-22,Shop by Brand/Google/,2846
2016-11-22,Shop by Brand/YouTube/,9893
2016-11-22,Lifestyle,168
2016-11-22,Lifestyle/,12
2016-11-22,More Bags,5
2016-11-22,Notebooks & Journals,1
2016-11-22,Office,481
2016-11-22,Tumblers,6
2016-11-22,Waze,107
2016-11-23,Apparel,945
2016-11-23,Backpacks,16
2016-11-23,Bags,260
2016-11-23,Bottles,15
2016-11-23,Drinkware,444
2016-11-23,Electronics,154
2016-11-23,Gift Cards,3
2016-11-23,Headgear,40
2016-11-23,Accessories/,3084
2016-11-23,Accessories/Fun/,3652
2016-11-23,Accessories/Housewares/,1170
2016-11-23,Accessories/Pet/,375
2016-11-23,Accessories/Sports & Fitness/,325
2016-11-23,Accessories/Stickers/,1243
2016-11-23,Apparel/,5406
2016-11-23,Apparel/Headgear/,1842
2016-11-23,Apparel/Kid's/,426
2016-11-23,Apparel/Kid's/Kid's-Infant/,826
2016-11-23,Apparel/Kid's/Kid's-Toddler/,620
2016-11-23,Apparel/Kid's/Kids-Youth/,1007
2016-11-23,Apparel/Men's/,2178
2016-11-23,Apparel/Men's/Men's-Outerwear/,3806
2016-11-23,Apparel/Men's/Men's-Performance Wear/,1206
2016-11-23,Apparel/Men's/Men's-T-Shirts/,8432
2016-11-23,Apparel/Women's/,916
2016-11-23,Apparel/Women's/Women's-Outerwear/,2139
2016-11-23,Apparel/Women's/Women's-Performance Wear/,732
2016-11-23,Apparel/Women's/Women's-T-Shirts/,2271
2016-11-23,Bags/,4619
2016-11-23,Bags/Backpacks/,1902
2016-11-23,Bags/More Bags/,1211
2016-11-23,Bags/Shopping and Totes/,725
2016-11-23,Drinkware/,4139
2016-11-23,Drinkware/Mugs and Cups/,1011
2016-11-23,Drinkware/Water Bottles and Tumblers/,2943
2016-11-23,Electronics/,3384
2016-11-23,Electronics/Audio/,2220
2016-11-23,Electronics/Electronics Accessories/,1819
2016-11-23,Electronics/Flashlights/,559
2016-11-23,Electronics/Power/,754
2016-11-23,Gift Cards/,303
2016-11-23,Office/,4936
2016-11-23,Office/Notebooks & Journals/,2699
2016-11-23,Office/Office Other/,312
2016-11-23,Office/Writing Instruments/,1707
2016-11-23,Shop by Brand/,910
2016-11-23,Shop by Brand/Android/,1401
2016-11-23,Shop by Brand/Google/,3118
2016-11-23,Shop by Brand/YouTube/,10314
2016-11-23,Housewares,4
2016-11-23,Lifestyle,241
2016-11-23,More Bags,10
2016-11-23,Office,603
2016-11-23,Waze,76
2016-11-24,Apparel,476
2016-11-24,Backpacks,44
2016-11-24,Bags,110
2016-11-24,Bottles,9
2016-11-24,Drinkware,222
2016-11-24,Electronics,34
2016-11-24,Headgear,23
2016-11-24,Accessories/,2268
2016-11-24,Accessories/Fun/,2360
2016-11-24,Accessories/Housewares/,853
2016-11-24,Accessories/Pet/,167
2016-11-24,Accessories/Sports & Fitness/,233
2016-11-24,Accessories/Stickers/,686
2016-11-24,Apparel/,4880
2016-11-24,Apparel/Headgear/,1201
2016-11-24,Apparel/Kid's/,171
2016-11-24,Apparel/Kid's/Kid's-Infant/,429
2016-11-24,Apparel/Kid's/Kid's-Toddler/,540
2016-11-24,Apparel/Kid's/Kids-Youth/,672
2016-11-24,Apparel/Men's/,1688
2016-11-24,Apparel/Men's/Men's-Outerwear/,2888
2016-11-24,Apparel/Men's/Men's-Performance Wear/,1169
2016-11-24,Apparel/Men's/Men's-T-Shirts/,6181
2016-11-24,Apparel/Women's/,673
2016-11-24,Apparel/Women's/Women's-Outerwear/,1133
2016-11-24,Apparel/Women's/Women's-Performance Wear/,302
2016-11-24,Apparel/Women's/Women's-T-Shirts/,1568
2016-11-24,Bags/,3366
2016-11-24,Bags/Backpacks/,1593
2016-11-24,Bags/More Bags/,604
2016-11-24,Bags/Shopping and Totes/,490
2016-11-24,Drinkware/,2787
2016-11-24,Drinkware/Mugs and Cups/,563
2016-11-24,Drinkware/Water Bottles and Tumblers/,1638
2016-11-24,Electronics/,2836
2016-11-24,Electronics/Audio/,1334
2016-11-24,Electronics/Electronics Accessories/,1368
2016-11-24,Electronics/Flashlights/,255
2016-11-24,Electronics/Power/,513
2016-11-24,Gift Cards/,77
2016-11-24,Office/,3494
2016-11-24,Office/Notebooks & Journals/,1504
2016-11-24,Office/Office Other/,232
2016-11-24,Office/Writing Instruments/,779
2016-11-24,Shop by Brand/,790
2016-11-24,Shop by Brand/Android/,1054
2016-11-24,Shop by Brand/Google/,2836
2016-11-24,Shop by Brand/YouTube/,11802
2016-11-24,Lifestyle,90
2016-11-24,More Bags,17
2016-11-24,Notebooks & Journals,1
2016-11-24,Office,327
2016-11-24,Waze,6
2016-11-24,Wearables/Men's T-Shirts/,24
2016-11-25,Accessories,31
2016-11-25,Apparel,904
2016-11-25,Backpacks,6
2016-11-25,Bags,100
2016-11-25,Bottles,2
2016-11-25,Drinkware,98
2016-11-25,Electronics,120
2016-11-25,Headgear,15
2016-11-25,Accessories/,2426
2016-11-25,Accessories/Fun/,3451
2016-11-25,Accessories/Housewares/,1046
2016-11-25,Accessories/Pet/,485
2016-11-25,Accessories/Sports & Fitness/,353
2016-11-25,Accessories/Stickers/,1027
2016-11-25,Apparel/,5203
2016-11-25,Apparel/Headgear/,2322
2016-11-25,Apparel/Kid's/,482
2016-11-25,Apparel/Kid's/Kid's-Infant/,797
2016-11-25,Apparel/Kid's/Kid's-Toddler/,484
2016-11-25,Apparel/Kid's/Kids-Youth/,782
2016-11-25,Apparel/Men's/,2326
2016-11-25,Apparel/Men's/Men's-Outerwear/,3364
2016-11-25,Apparel/Men's/Men's-Performance Wear/,930
2016-11-25,Apparel/Men's/Men's-T-Shirts/,8317
2016-11-25,Apparel/Women's/,937
2016-11-25,Apparel/Women's/Women's-Outerwear/,971
2016-11-25,Apparel/Women's/Women's-Performance Wear/,716
2016-11-25,Apparel/Women's/Women's-T-Shirts/,1940
2016-11-25,Bags/,3341
2016-11-25,Bags/Backpacks/,1611
2016-11-25,Bags/More Bags/,1059
2016-11-25,Bags/Shopping and Totes/,712
2016-11-25,Drinkware/,2911
2016-11-25,Drinkware/Mugs and Cups/,619
2016-11-25,Drinkware/Water Bottles and Tumblers/,1975
2016-11-25,Electronics/,2885
2016-11-25,Electronics/Audio/,1802
2016-11-25,Electronics/Electronics Accessories/,1522
2016-11-25,Electronics/Flashlights/,535
2016-11-25,Electronics/Power/,1087
2016-11-25,Gift Cards/,77
2016-11-25,Office/,3930
2016-11-25,Office/Notebooks & Journals/,1903
2016-11-25,Office/Office Other/,453
2016-11-25,Office/Writing Instruments/,2276
2016-11-25,Shop by Brand/,738
2016-11-25,Shop by Brand/Android/,1634
2016-11-25,Shop by Brand/Google/,3454
2016-11-25,Shop by Brand/YouTube/,10584
2016-11-25,Lifestyle,180
2016-11-25,More Bags,5
2016-11-25,Office,452
2016-11-25,Waze,11
2016-11-26,Accessories,12
2016-11-26,Apparel,465
2016-11-26,Backpacks,1
2016-11-26,Bags,54
2016-11-26,Bottles,6
2016-11-26,Drinkware,90
2016-11-26,Electronics,24
2016-11-26,Headgear,12
2016-11-26,Accessories/,1546
2016-11-26,Accessories/Fun/,1609
2016-11-26,Accessories/Housewares/,528
2016-11-26,Accessories/Pet/,264
2016-11-26,Accessories/Sports & Fitness/,188
2016-11-26,Accessories/Stickers/,806
2016-11-26,Apparel/,4366
2016-11-26,Apparel/Headgear/,1079
2016-11-26,Apparel/Kid's/,295
2016-11-26,Apparel/Kid's/Kid's-Infant/,334
2016-11-26,Apparel/Kid's/Kid's-Toddler/,247
2016-11-26,Apparel/Kid's/Kids-Youth/,686
2016-11-26,Apparel/Men's/,1637
2016-11-26,Apparel/Men's/Men's-Outerwear/,2340
2016-11-26,Apparel/Men's/Men's-Performance Wear/,691
2016-11-26,Apparel/Men's/Men's-T-Shirts/,6004
2016-11-26,Apparel/Women's/,567
2016-11-26,Apparel/Women's/Women's-Outerwear/,585
2016-11-26,Apparel/Women's/Women's-Performance Wear/,228
2016-11-26,Apparel/Women's/Women's-T-Shirts/,1509
2016-11-26,Bags/,2421
2016-11-26,Bags/Backpacks/,1233
2016-11-26,Bags/More Bags/,597
2016-11-26,Bags/Shopping and Totes/,423
2016-11-26,Drinkware/,2353
2016-11-26,Drinkware/Mugs and Cups/,348
2016-11-26,Drinkware/Water Bottles and Tumblers/,1194
2016-11-26,Electronics/,2709
2016-11-26,Electronics/Audio/,1269
2016-11-26,Electronics/Electronics Accessories/,1096
2016-11-26,Electronics/Flashlights/,239
2016-11-26,Electronics/Power/,406
2016-11-26,Gift Cards/,48
2016-11-26,Office/,3295
2016-11-26,Office/Notebooks & Journals/,1080
2016-11-26,Office/Office Other/,177
2016-11-26,Office/Writing Instruments/,829
2016-11-26,Shop by Brand/,752
2016-11-26,Shop by Brand/Android/,974
2016-11-26,Shop by Brand/Google/,2870
2016-11-26,Shop by Brand/YouTube/,10141
2016-11-26,Lifestyle,3
2016-11-26,Lifestyle/,72
2016-11-26,Office,117
2016-11-27,Accessories,9
2016-11-27,Apparel,403
2016-11-27,Bags,83
2016-11-27,Bottles,10
2016-11-27,Drinkware,145
2016-11-27,Electronics,40
2016-11-27,Headgear,33
2016-11-27,Accessories/,1996
2016-11-27,Accessories/Fun/,2172
2016-11-27,Accessories/Housewares/,851
2016-11-27,Accessories/Pet/,227
2016-11-27,Accessories/Sports & Fitness/,194
2016-11-27,Accessories/Stickers/,650
2016-11-27,Apparel/,5724
2016-11-27,Apparel/Headgear/,1463
2016-11-27,Apparel/Kid's/,261
2016-11-27,Apparel/Kid's/Kid's-Infant/,643
2016-11-27,Apparel/Kid's/Kid's-Toddler/,310
2016-11-27,Apparel/Kid's/Kids-Youth/,1135
2016-11-27,Apparel/Men's/,1537
2016-11-27,Apparel/Men's/Men's-Outerwear/,3134
2016-11-27,Apparel/Men's/Men's-Performance Wear/,1181
2016-11-27,Apparel/Men's/Men's-T-Shirts/,7706
2016-11-27,Apparel/Women's/,549
2016-11-27,Apparel/Women's/Women's-Outerwear/,965
2016-11-27,Apparel/Women's/Women's-Performance Wear/,342
2016-11-27,Apparel/Women's/Women's-T-Shirts/,1586
2016-11-27,Bags/,2401
2016-11-27,Bags/Backpacks/,1639
2016-11-27,Bags/More Bags/,676
2016-11-27,Bags/Shopping and Totes/,582
2016-11-27,Drinkware/,2682
2016-11-27,Drinkware/Mugs and Cups/,615
2016-11-27,Drinkware/Water Bottles and Tumblers/,1222
2016-11-27,Electronics/,2530
2016-11-27,Electronics/Audio/,1301
2016-11-27,Electronics/Electronics Accessories/,1248
2016-11-27,Electronics/Flashlights/,240
2016-11-27,Electronics/Power/,348
2016-11-27,Gift Cards/,36
2016-11-27,Office/,3365
2016-11-27,Office/Notebooks & Journals/,1648
2016-11-27,Office/Office Other/,222
2016-11-27,Office/Writing Instruments/,1056
2016-11-27,Shop by Brand/,518
2016-11-27,Shop by Brand/Android/,1042
2016-11-27,Shop by Brand/Google/,2265
2016-11-27,Shop by Brand/YouTube/,9329
2016-11-27,Housewares,4
2016-11-27,Lifestyle,80
2016-11-27,Lifestyle/,12
2016-11-27,More Bags,7
2016-11-27,Notebooks & Journals,8
2016-11-27,Office,354
2016-11-27,Wearables/Men's T-Shirts/,12
2016-11-28,Accessories,52
2016-11-28,Apparel,1381
2016-11-28,Backpacks,13
2016-11-28,Bags,552
2016-11-28,Bottles,52
2016-11-28,Drinkware,536
2016-11-28,Electronics,334
2016-11-28,Gift Cards,228
2016-11-28,Headgear,46
2016-11-28,Accessories/,4674
2016-11-28,Accessories/Fun/,4997
2016-11-28,Accessories/Housewares/,2140
2016-11-28,Accessories/Pet/,920
2016-11-28,Accessories/Sports & Fitness/,439
2016-11-28,Accessories/Stickers/,1281
2016-11-28,Apparel/,8161
2016-11-28,Apparel/Headgear/,2501
2016-11-28,Apparel/Kid's/,704
2016-11-28,Apparel/Kid's/Kid's-Infant/,1800
2016-11-28,Apparel/Kid's/Kid's-Toddler/,1155
2016-11-28,Apparel/Kid's/Kids-Youth/,1485
2016-11-28,Apparel/Men's/,3926
2016-11-28,Apparel/Men's/Men's-Outerwear/,5584
2016-11-28,Apparel/Men's/Men's-Performance Wear/,1883
2016-11-28,Apparel/Men's/Men's-T-Shirts/,11147
2016-11-28,Apparel/Women's/,1824
2016-11-28,Apparel/Women's/Women's-Outerwear/,2740
2016-11-28,Apparel/Women's/Women's-Performance Wear/,997
2016-11-28,Apparel/Women's/Women's-T-Shirts/,4000
2016-11-28,Bags/,5792
2016-11-28,Bags/Backpacks/,3480
2016-11-28,Bags/More Bags/,1523
2016-11-28,Bags/Shopping and Totes/,965
2016-11-28,Drinkware/,5784
2016-11-28,Drinkware/Mugs and Cups/,1292
2016-11-28,Drinkware/Water Bottles and Tumblers/,4213
2016-11-28,Electronics/,6673
2016-11-28,Electronics/Audio/,3002
2016-11-28,Electronics/Electronics Accessories/,2792
2016-11-28,Electronics/Flashlights/,636
2016-11-28,Electronics/Power/,1044
2016-11-28,Gift Cards/,698
2016-11-28,Office/,6936
2016-11-28,Office/Notebooks & Journals/,5213
2016-11-28,Office/Office Other/,570
2016-11-28,Office/Writing Instruments/,2355
2016-11-28,Shop by Brand/,868
2016-11-28,Shop by Brand/Android/,2646
2016-11-28,Shop by Brand/Google/,6077
2016-11-28,Shop by Brand/YouTube/,12749
2016-11-28,Housewares,25
2016-11-28,Lifestyle,247
2016-11-28,Lifestyle/,60
2016-11-28,More Bags,13
2016-11-28,Office,835
2016-11-28,Waze,2
2016-11-28,Wearables/Men's T-Shirts/,36
2016-11-29,Accessories,52
2016-11-29,Apparel,1513
2016-11-29,Backpacks,36
2016-11-29,Bags,514
2016-11-29,Bottles,29
2016-11-29,Drinkware,412
2016-11-29,Electronics,219
2016-11-29,Headgear,31
2016-11-29,Accessories/,4175
2016-11-29,Accessories/Fun/,4733
2016-11-29,Accessories/Housewares/,1663
2016-11-29,Accessories/Pet/,577
2016-11-29,Accessories/Sports & Fitness/,452
2016-11-29,Accessories/Stickers/,1144
2016-11-29,Apparel/,7942
2016-11-29,Apparel/Headgear/,2890
2016-11-29,Apparel/Kid's/,590
2016-11-29,Apparel/Kid's/Kid's-Infant/,1235
2016-11-29,Apparel/Kid's/Kid's-Toddler/,699
2016-11-29,Apparel/Kid's/Kids-Youth/,1066
2016-11-29,Apparel/Men's/,3277
2016-11-29,Apparel/Men's/Men's-Outerwear/,5432
2016-11-29,Apparel/Men's/Men's-Performance Wear/,1910
2016-11-29,Apparel/Men's/Men's-T-Shirts/,10255
2016-11-29,Apparel/Women's/,1423
2016-11-29,Apparel/Women's/Women's-Outerwear/,2323
2016-11-29,Apparel/Women's/Women's-Performance Wear/,1159
2016-11-29,Apparel/Women's/Women's-T-Shirts/,3008
2016-11-29,Bags/,4504
2016-11-29,Bags/Backpacks/,2903
2016-11-29,Bags/More Bags/,1346
2016-11-29,Bags/Shopping and Totes/,845
2016-11-29,Drinkware/,5054
2016-11-29,Drinkware/Mugs and Cups/,1217
2016-11-29,Drinkware/Water Bottles and Tumblers/,3381
2016-11-29,Electronics/,4927
2016-11-29,Electronics/Audio/,2851
2016-11-29,Electronics/Electronics Accessories/,2209
2016-11-29,Electronics/Flashlights/,466
2016-11-29,Electronics/Power/,715
2016-11-29,Gift Cards/,193
2016-11-29,Office/,5452
2016-11-29,Office/Notebooks & Journals/,4314
2016-11-29,Office/Office Other/,528
2016-11-29,Office/Writing Instruments/,2078
2016-11-29,Shop by Brand/,744
2016-11-29,Shop by Brand/Android/,1824
2016-11-29,Shop by Brand/Google/,4822
2016-11-29,Shop by Brand/YouTube/,11505
2016-11-29,Housewares,5
2016-11-29,Lifestyle,181
2016-11-29,Lifestyle/,24
2016-11-29,More Bags,42
2016-11-29,Notebooks & Journals,2
2016-11-29,Office,673
2016-11-29,Waze,2
2016-11-29,Wearables/Men's T-Shirts/,12
2016-11-30,Accessories,14
2016-11-30,Apparel,957
2016-11-30,Backpacks,12
2016-11-30,Bags,544
2016-11-30,Bottles,47
2016-11-30,Drinkware,348
2016-11-30,Electronics,190
2016-11-30,Headgear,60
2016-11-30,Accessories/,4199
2016-11-30,Accessories/Fun/,4430
2016-11-30,Accessories/Housewares/,1518
2016-11-30,Accessories/Pet/,653
2016-11-30,Accessories/Sports & Fitness/,501
2016-11-30,Accessories/Stickers/,1448
2016-11-30,Apparel/,6434
2016-11-30,Apparel/Headgear/,2554
2016-11-30,Apparel/Kid's/,420
2016-11-30,Apparel/Kid's/Kid's-Infant/,897
2016-11-30,Apparel/Kid's/Kid's-Toddler/,870
2016-11-30,Apparel/Kid's/Kids-Youth/,1006
2016-11-30,Apparel/Men's/,2761
2016-11-30,Apparel/Men's/Men's-Outerwear/,4492
2016-11-30,Apparel/Men's/Men's-Performance Wear/,1485
2016-11-30,Apparel/Men's/Men's-T-Shirts/,8385
2016-11-30,Apparel/Women's/,1003
2016-11-30,Apparel/Women's/Women's-Outerwear/,1931
2016-11-30,Apparel/Women's/Women's-Performance Wear/,804
2016-11-30,Apparel/Women's/Women's-T-Shirts/,2602
2016-11-30,Bags/,5191
2016-11-30,Bags/Backpacks/,2394
2016-11-30,Bags/More Bags/,1510
2016-11-30,Bags/Shopping and Totes/,942
2016-11-30,Drinkware/,4398
2016-11-30,Drinkware/Mugs and Cups/,1052
2016-11-30,Drinkware/Water Bottles and Tumblers/,3206
2016-11-30,Electronics/,4943
2016-11-30,Electronics/Audio/,2772
2016-11-30,Electronics/Electronics Accessories/,1879
2016-11-30,Electronics/Flashlights/,427
2016-11-30,Electronics/Power/,759
2016-11-30,Gift Cards/,329
2016-11-30,Office/,5647
2016-11-30,Office/Notebooks & Journals/,2997
2016-11-30,Office/Office Other/,441
2016-11-30,Office/Writing Instruments/,2795
2016-11-30,Shop by Brand/,708
2016-11-30,Shop by Brand/Android/,1987
2016-11-30,Shop by Brand/Google/,4829
2016-11-30,Shop by Brand/YouTube/,11772
2016-11-30,Housewares,5
2016-11-30,Lifestyle,264
2016-11-30,Lifestyle/,48
2016-11-30,Notebooks & Journals,6
2016-11-30,Office,1146
2016-11-30,Wearables/Men's T-Shirts/,108
